name,ingredients,prep_time,cook_time,total_time,diet_veg,course_main course,course_snack,course_starter,state_Andhra Pradesh,state_Assam,state_Bihar,state_Chhattisgarh,state_Goa,state_Gujarat,state_Haryana,state_Jammu & Kashmir,state_Karnataka,state_Kerala,state_Madhya Pradesh,state_Maharashtra,state_Manipur,state_NCT of Delhi,state_Nagaland,state_Odisha,state_Punjab,state_Rajasthan,state_Tamil Nadu,state_Telangana,state_Tripura,state_Uttar Pradesh,state_Uttarakhand,state_West Bengal,region_Central,region_East,region_North,region_North East,region_South,region_Unknown,region_West,flavor_profile_bitter,flavor_profile_sour,flavor_profile_spicy,flavor_profile_sweet
Balu shahi,"Maida flour, yogurt, oil, sugar",45,25,70,True,False,False,False,False,False,False,False,False,False,False,False,False,False,False,False,False,False,False,False,False,False,False,False,False,False,False,True,False,True,False,False,False,False,False,False,False,False,True
Boondi,"Gram flour, ghee, sugar",80,30,110,True,False,False,False,False,False,False,False,False,False,False,False,False,False,False,False,False,False,False,False,False,True,False,False,False,False,False,False,False,False,False,False,False,False,True,False,False,False,True
Gajar ka halwa,"Carrots, milk, sugar, ghee, cashews, raisins",15,60,75,True,False,False,False,False,False,False,False,False,False,False,False,False,False,False,False,False,False,False,False,True,False,False,False,False,False,False,False,False,False,True,False,False,False,False,False,False,False,True
Ghevar,"Flour, ghee, kewra, milk, clarified butter, sugar, almonds, pistachio, saffron, green cardamom",15,30,45,True,False,False,False,False,False,False,False,False,False,False,False,False,False,False,False,False,False,False,False,False,True,False,False,False,False,False,False,False,False,False,False,False,False,True,False,False,False,True
Gulab jamun,"Milk powder, plain flour, baking powder, ghee, milk, sugar, water, rose water",15,40,55,True,False,False,False,False,False,False,False,False,False,False,False,False,False,False,False,False,False,False,False,False,False,False,False,False,False,False,True,False,True,False,False,False,False,False,False,False,False,True
Imarti,"Sugar syrup, lentil flour",10,50,60,True,False,False,False,False,False,False,False,False,False,False,False,False,False,False,False,False,False,False,False,False,False,False,False,False,False,False,True,False,True,False,False,False,False,False,False,False,False,True
Jalebi,"Maida, corn flour, baking soda, vinegar, curd, water, turmeric, saffron, cardamom",10,50,60,True,False,False,False,False,False,False,False,False,False,False,False,False,False,False,False,False,False,False,False,False,False,False,False,False,True,False,False,False,False,True,False,False,False,False,False,False,False,True
Kaju katli,"Cashews, ghee, cardamom, sugar",10,20,30,True,False,False,False,False,False,False,False,False,False,False,False,False,False,False,False,False,False,False,False,False,False,False,False,False,False,False,False,False,False,False,False,False,False,False,False,False,False,True
Kalakand,"Milk, cottage cheese, sugar",20,30,50,True,False,False,False,False,False,False,False,False,False,False,False,False,False,False,False,False,False,False,False,False,False,False,False,False,False,False,True,False,True,False,False,False,False,False,False,False,False,True
Kheer,"Milk, rice, sugar, dried fruits",10,40,50,True,False,False,False,False,False,False,False,False,False,False,False,False,False,False,False,False,False,False,False,False,False,False,False,False,False,False,False,False,False,False,False,False,False,False,False,False,False,True
Laddu,"Gram flour, ghee, sugar",10,40,50,True,False,False,False,False,False,False,False,False,False,False,False,False,False,False,False,False,False,False,False,False,False,False,False,False,False,False,False,False,False,False,False,False,False,False,False,False,False,True
Lassi,"Yogurt, milk, nuts, sugar",5,5,10,True,False,False,False,False,False,False,False,False,False,False,False,False,False,False,False,False,False,False,False,True,False,False,False,False,False,False,False,False,False,True,False,False,False,False,False,False,False,True
Nankhatai,"Refined flour, besan, ghee, powdered sugar, yoghurt, green cardamom",20,30,50,True,False,False,False,False,False,False,False,False,False,False,False,False,False,False,False,False,False,False,False,False,False,False,False,False,False,False,False,False,False,False,False,False,False,False,False,False,False,True
Petha,"Firm white pumpkin, sugar, kitchen lime, alum powder",10,30,40,True,False,False,False,False,False,False,False,False,False,False,False,False,False,False,False,False,False,False,False,False,False,False,False,False,True,False,False,False,False,True,False,False,False,False,False,False,False,True
Phirni,"Rice, sugar, nuts",30,20,50,True,False,False,False,False,False,False,False,False,False,False,False,False,False,False,False,False,False,False,True,False,False,False,False,False,False,False,False,False,True,False,False,False,False,False,False,False,False,True
Rabri,"Condensed milk, sugar, spices, nuts",10,45,55,True,False,False,False,False,False,False,False,False,False,False,False,False,False,False,False,False,False,False,False,False,False,False,False,False,True,False,False,False,False,True,False,False,False,False,False,False,False,True
Sheera,"Semolina, ghee, nuts, milk",10,25,35,True,False,False,False,False,False,False,False,False,False,False,False,False,False,False,True,False,False,False,False,False,False,False,False,False,False,False,False,False,False,False,False,False,False,True,False,False,False,True
Singori,"Khoa, coconut, molu leaf",10,20,30,True,False,False,False,False,False,False,False,False,False,False,False,False,False,False,False,False,False,False,False,False,False,False,False,False,False,True,False,False,False,True,False,False,False,False,False,False,False,True
Sohan halwa,"Corn flour, ghee, dry fruits",10,60,70,True,False,False,False,False,False,False,False,False,False,False,False,False,False,False,False,False,False,False,False,False,False,False,False,False,True,False,False,False,False,True,False,False,False,False,False,False,False,True
Sohan papdi,"Gram flour, ghee, sugar, milk, cardamom",-1,60,59,True,False,False,False,False,False,False,False,False,False,False,False,False,False,False,True,False,False,False,False,False,False,False,False,False,False,False,False,False,False,False,False,False,False,True,False,False,False,True
Chhena jalebi,"Chhena, sugar, ghee",10,50,60,True,False,False,False,False,False,False,False,False,False,False,False,False,False,False,False,False,False,False,True,False,False,False,False,False,False,False,False,False,True,False,False,False,False,False,False,False,False,True
Chhena kheeri,"Chhena, sugar, milk",-1,60,59,True,False,False,False,False,False,False,False,False,False,False,False,False,False,False,False,False,False,False,True,False,False,False,False,False,False,False,False,False,True,False,False,False,False,False,False,False,False,True
Chhena poda,"Sugar, chenna cheese",10,45,55,True,False,False,False,False,False,False,False,False,False,False,False,False,False,False,False,False,False,False,True,False,False,False,False,False,False,False,False,False,True,False,False,False,False,False,False,False,False,True
Cham cham,"Flour, cream, sugar, saffron, lemon juice, coconut flakes",40,60,100,True,False,False,False,False,False,False,False,False,False,False,False,False,False,False,False,False,False,False,False,False,False,False,False,False,False,False,True,False,True,False,False,False,False,False,False,False,False,True
Kheer sagar,"Chenna, condensed milk, sugar, saffron, cardamom",25,60,85,True,False,False,False,False,False,False,False,False,False,False,False,False,False,False,False,False,False,False,True,False,False,False,False,False,False,False,False,False,True,False,False,False,False,False,False,False,False,True
Ledikeni,"Chhena, sugar, ghee",45,45,90,True,False,False,False,False,False,False,False,False,False,False,False,False,False,False,False,False,False,False,False,False,False,False,False,False,False,False,True,False,True,False,False,False,False,False,False,False,False,True
Lyangcha,"Flour, fried milk power, sugar syrup",20,30,50,True,False,False,False,False,True,False,False,False,False,False,False,False,False,False,False,False,False,False,False,False,False,False,False,False,False,False,False,False,False,False,True,False,False,False,False,False,False,True
Malapua,"Yoghurt, refined flour, ghee, fennel seeds",10,120,130,True,False,False,False,False,False,True,False,False,False,False,False,False,False,False,False,False,False,False,False,False,False,False,False,False,False,False,False,False,False,True,False,False,False,False,False,False,False,True
Mihidana,"Besan flour, sugar, ghee",15,30,45,True,False,False,False,False,False,False,False,False,False,False,False,False,False,False,False,False,False,False,False,False,False,False,False,False,False,False,True,False,True,False,False,False,False,False,False,False,False,True
Misti doi,"Milk, jaggery",480,30,510,True,False,False,False,False,False,False,False,False,False,False,False,False,False,False,False,False,False,False,False,False,False,False,False,False,False,False,True,False,True,False,False,False,False,False,False,False,False,True
Pantua,"Chhena, sugar, ghee, flour",45,45,90,True,False,False,False,False,False,False,False,False,False,False,False,False,False,False,False,False,False,False,False,False,False,False,False,False,False,False,True,False,True,False,False,False,False,False,False,False,False,True
Pithe,"Rice flour, wheat flour",15,35,50,True,False,False,False,False,True,False,False,False,False,False,False,False,False,False,False,False,False,False,False,False,False,False,False,False,False,False,False,False,False,False,True,False,False,False,False,False,False,True
Rasabali,"Chenna, sweetened milk",15,30,45,True,False,False,False,False,False,False,False,False,False,False,False,False,False,False,False,False,False,False,True,False,False,False,False,False,False,False,False,False,True,False,False,False,False,False,False,False,False,True
Ras malai,"Chhena, reduced milk, pistachio",180,60,240,True,False,False,False,False,False,False,False,False,False,False,False,False,False,False,False,False,False,False,False,False,False,False,False,False,False,False,True,False,True,False,False,False,False,False,False,False,False,True
Rasgulla,"Chhena, sugar, cardamom",10,90,100,True,False,False,False,False,False,False,False,False,False,False,False,False,False,False,False,False,False,False,False,False,False,False,False,False,False,False,True,False,True,False,False,False,False,False,False,False,False,True
Sandesh,"Milk, sugar, saffron, cardamom",30,20,50,True,False,False,False,False,False,False,False,False,False,False,False,False,False,False,False,False,False,False,False,False,False,False,False,False,False,False,True,False,True,False,False,False,False,False,False,False,False,True
Adhirasam,"Rice flour, jaggery, ghee, vegetable oil, elachi",10,50,60,True,False,False,False,False,False,False,False,False,False,False,False,False,False,False,False,False,False,False,False,False,False,False,False,False,False,False,True,False,True,False,False,False,False,False,False,False,False,True
Ariselu,"Rice flour, jaggery, ghee",15,75,90,True,False,False,False,True,False,False,False,False,False,False,False,False,False,False,False,False,False,False,False,False,False,False,False,False,False,False,False,False,False,False,False,True,False,False,False,False,False,True
Bandar laddu,"Besan, jaggery, cardamom powder, ghee, cashews and raisins, jaggery syrup, sugar",5,35,40,True,False,False,False,True,False,False,False,False,False,False,False,False,False,False,False,False,False,False,False,False,False,False,False,False,False,False,False,False,False,False,False,True,False,False,False,False,False,True
Chikki,"Peanuts, jaggery",10,20,30,True,False,False,False,False,False,False,False,False,False,False,False,False,False,False,True,False,False,False,False,False,False,False,False,False,False,False,False,False,False,False,False,False,False,True,False,False,False,True
Dharwad pedha,"Milk, Sugar, Dharwadi buffalo milk",20,60,80,True,False,False,False,False,False,False,False,False,False,False,False,True,False,False,False,False,False,False,False,False,False,False,False,False,False,False,False,False,False,False,False,True,False,False,False,False,False,True
Double ka meetha,"Loaf bread, milk",20,30,50,True,False,False,False,False,False,False,False,False,False,False,False,False,False,False,False,False,False,False,False,False,False,False,True,False,False,False,False,False,False,False,False,True,False,False,False,False,False,True
Gavvalu,"Rice flour, sugar, salt, ghee, semolina",10,30,40,True,False,False,False,True,False,False,False,False,False,False,False,False,False,False,False,False,False,False,False,False,False,False,False,False,False,False,False,False,False,False,False,True,False,False,False,False,False,True
Kakinada khaja,"Wheat flour, sugar",10,30,40,True,False,False,False,True,False,False,False,False,False,False,False,False,False,False,False,False,False,False,False,False,False,False,False,False,False,False,False,False,False,False,False,True,False,False,False,False,False,True
Kuzhi paniyaram,"Black lentils, rice",10,20,30,True,False,False,False,False,False,False,False,False,False,False,False,False,True,False,False,False,False,False,False,False,False,False,False,False,False,False,False,False,False,False,False,True,False,False,False,False,False,True
Mysore pak,"Besan flour, semolina, mung bean, jaggery, coconut, skimmed milk powder, sugar, ghee",5,20,25,True,False,False,False,False,False,False,False,False,False,False,False,True,False,False,False,False,False,False,False,False,False,False,False,False,False,False,False,False,False,False,False,True,False,False,False,False,False,True
Obbattu holige,"Maida flour, turmeric, coconut, chickpeas, jaggery, ghee, cardamom",180,60,240,True,True,False,False,False,False,False,False,False,False,False,False,True,False,False,False,False,False,False,False,False,False,False,False,False,False,False,False,False,False,False,False,True,False,False,False,False,False,True
Palathalikalu,"Rice flour, milk",10,25,35,True,False,False,False,True,False,False,False,False,False,False,False,False,False,False,False,False,False,False,False,False,False,False,False,False,False,False,False,False,False,False,False,True,False,False,False,False,False,True
Poornalu,"Chana dal, jaggery",240,60,300,True,False,False,False,True,False,False,False,False,False,False,False,False,False,False,False,False,False,False,False,False,False,False,False,False,False,False,False,False,False,False,False,True,False,False,False,False,False,True
Pongal,"Rice, jaggery, cashews, ghee",5,20,25,True,False,False,False,False,False,False,False,False,False,False,False,False,False,False,False,False,False,False,False,False,False,True,False,False,False,False,False,False,False,False,False,True,False,False,False,False,False,True
Pootharekulu,"Rice flour, powdered sugar, ghee",10,60,70,True,False,False,False,True,False,False,False,False,False,False,False,False,False,False,False,False,False,False,False,False,False,False,False,False,False,False,False,False,False,False,False,True,False,False,False,False,False,True
Qubani ka meetha,"Apricots, sugar syrup",10,20,30,True,False,False,False,False,False,False,False,False,False,False,False,False,False,False,False,False,False,False,False,False,False,False,True,False,False,False,False,False,False,False,False,True,False,False,False,False,False,True
Sheer korma,"Vermicelli pudding, milk",10,20,30,True,False,False,False,False,False,False,False,False,False,False,False,False,False,False,False,False,False,False,False,False,False,False,True,False,False,False,False,False,False,False,False,True,False,False,False,False,False,True
Unni Appam,"Rice flour, banana, jaggery, coconut",10,20,30,True,False,False,False,False,False,False,False,False,False,False,False,False,False,False,False,False,False,False,False,False,False,True,False,False,False,False,False,False,False,False,False,True,False,False,False,False,False,True
Kajjikaya,"Rice flour, jaggery, coconut",40,15,55,True,False,False,False,True,False,False,False,False,False,False,False,False,False,False,False,False,False,False,False,False,False,False,False,False,False,False,False,False,False,False,False,True,False,False,False,False,False,True
Anarsa,"Rice flour, jaggery, khus-khus seeds",10,50,60,True,False,False,False,False,False,False,False,False,False,False,False,False,False,False,True,False,False,False,False,False,False,False,False,False,False,False,False,False,False,False,False,False,False,True,False,False,False,True
Basundi,"Sugar, milk, nuts",10,35,45,True,False,False,False,False,False,False,False,False,True,False,False,False,False,False,False,False,False,False,False,False,False,False,False,False,False,False,False,False,False,False,False,False,False,True,False,False,False,True
Dhondas,"Cucumber, rava",10,50,60,True,False,False,False,False,False,False,False,False,False,False,False,False,False,False,True,False,False,False,False,False,False,False,False,False,False,False,False,False,False,False,False,False,False,True,False,False,False,True
Doodhpak,"Milk, rice, sugar, dry fruits",10,60,70,True,False,False,False,False,False,False,False,False,True,False,False,False,False,False,False,False,False,False,False,False,False,False,False,False,False,False,False,False,False,False,False,False,False,True,False,False,False,True
Mahim halwa,"Semolina, sugar",10,25,35,True,False,False,False,False,False,False,False,False,False,False,False,False,False,False,True,False,False,False,False,False,False,False,False,False,False,False,False,False,False,False,False,False,False,True,False,False,False,True
Modak,"Rice flour, coconut, jaggery ",10,15,25,True,False,False,False,False,False,False,False,False,False,False,False,False,False,False,True,False,False,False,False,False,False,False,False,False,False,False,False,False,False,False,False,False,False,True,False,False,False,True
Shankarpali,"Sugar, ghee, maida flour, semolina",10,35,45,True,False,False,False,False,False,False,False,False,False,False,False,False,False,False,True,False,False,False,False,False,False,False,False,False,False,False,False,False,False,False,False,False,False,True,False,False,False,True
Shrikhand,"Curd, sugar, saffron, cardamom",10,720,730,True,False,False,False,False,False,False,False,False,False,False,False,False,False,False,True,False,False,False,False,False,False,False,False,False,False,False,False,False,False,False,False,False,False,True,False,False,False,True
Sutar feni,"Maida, sugar, ghee",15,55,70,True,False,False,False,False,False,False,False,False,False,False,False,False,False,False,True,False,False,False,False,False,False,False,False,False,False,False,False,False,False,False,False,False,False,True,False,False,False,True
Maach Jhol,"Fish, potol, tomato, chillies, ginger, garlic",10,40,50,False,True,False,False,False,True,False,False,False,False,False,False,False,False,False,False,False,False,False,False,False,False,False,False,False,False,False,False,False,False,False,True,False,False,False,False,False,True,False
Pork Bharta,"Boiled pork, onions, chillies, ginger and garlic",-1,-1,-2,False,True,False,False,False,False,False,False,False,False,False,False,False,False,False,False,False,False,False,False,False,False,False,False,True,False,False,False,False,False,False,True,False,False,False,False,False,True,False
Chak Hao Kheer,"Rice, milk, sugar, cardamom",240,45,285,True,False,False,False,False,False,False,False,False,False,False,False,False,False,False,False,True,False,False,False,False,False,False,False,False,False,False,False,False,False,False,True,False,False,False,False,False,False,True
Galho,"Rice, axone, salt, water, chillies, pork",5,15,20,False,True,False,False,False,False,False,False,False,False,False,False,False,False,False,False,False,False,True,False,False,False,False,False,False,False,False,False,False,False,False,True,False,False,False,False,False,True,False
Aloo gobi,"Cauliflower, potato, garam masala, turmeric, curry leaves",10,20,30,True,True,False,False,False,False,False,False,False,False,False,False,False,False,False,False,False,False,False,False,True,False,False,False,False,False,False,False,False,False,True,False,False,False,False,False,False,True,False
Aloo tikki,"Rice flour, potato, bread crumbs, garam masala, salt",5,20,25,True,True,False,False,False,False,False,False,False,False,False,False,False,False,False,False,False,False,False,False,True,False,False,False,False,False,False,False,False,False,True,False,False,False,False,False,False,True,False
Aloo matar,"Potato, peas, chillies, ginger, garam masala, garlic",5,40,45,True,True,False,False,False,False,False,False,False,False,False,False,False,False,False,False,False,False,False,False,True,False,False,False,False,False,False,False,False,False,True,False,False,False,False,False,False,True,False
Aloo methi,"Potato, fenugreek leaves, chillies, salt, oil",10,40,50,True,True,False,False,False,False,False,False,False,False,False,False,False,False,False,False,False,False,False,False,True,False,False,False,False,False,False,False,False,False,True,False,False,False,False,True,False,False,False
Aloo shimla mirch,"Potato, shimla mirch, garam masala, amchur powder, salt",10,40,50,True,True,False,False,False,False,False,False,False,False,False,False,False,False,False,False,False,False,False,False,True,False,False,False,False,False,False,False,False,False,True,False,False,False,False,False,False,True,False
Bhatura,"Chole, rava, yogurt, plain flour, baking soda",20,20,40,True,True,False,False,False,False,False,False,False,False,False,False,False,False,False,False,False,False,False,False,True,False,False,False,False,False,False,False,False,False,True,False,False,False,False,False,False,True,False
Bhindi masala,"Ladies finger, garam masala, kasuri methi, tomatoes, chili powder",20,30,50,True,True,False,False,False,False,False,False,False,False,False,False,False,False,False,False,False,False,False,False,True,False,False,False,False,False,False,False,False,False,True,False,False,False,False,False,False,True,False
Biryani,"Chicken thighs, basmati rice, star anise, sweet, green chillies",30,120,150,False,True,False,False,False,False,False,False,False,False,False,False,False,False,False,False,False,False,False,False,False,False,False,True,False,False,False,False,False,False,False,False,True,False,False,False,False,True,False
Butter chicken,"Chicken, greek yogurt, cream, garam masala powder, cashew nuts, butter",10,35,45,False,True,False,False,False,False,False,False,False,False,False,False,False,False,False,False,False,True,False,False,False,False,False,False,False,False,False,False,False,False,True,False,False,False,False,False,False,True,False
Chana masala,"Chickpeas, tomato paste, garam masala, ginger, red onion, avocado oil",20,30,50,True,True,False,False,False,False,False,False,False,False,False,False,False,False,False,False,False,False,False,False,True,False,False,False,False,False,False,False,False,False,True,False,False,False,False,False,False,True,False
Chapati,"Whole wheat flour, olive oil, hot water, all purpose flour",10,10,20,True,True,False,False,False,False,False,False,False,False,False,False,False,False,False,True,False,False,False,False,False,False,False,False,False,False,False,False,False,False,False,False,False,False,True,False,False,False,False
Chicken razala,"Chicken, dahi, sesame seeds, garam masala powder, cashew nuts, saffron",10,35,45,False,True,False,False,False,False,False,False,False,False,False,False,False,False,False,False,False,False,False,False,False,False,False,False,False,False,False,True,False,True,False,False,False,False,False,False,False,True,False
Chicken Tikka masala,"Naan bread, tomato sauce, skinless chicken breasts, heavy cream, garam masala",10,50,60,False,True,False,False,False,False,False,False,False,False,False,False,False,False,False,False,False,False,False,False,True,False,False,False,False,False,False,False,False,False,True,False,False,False,False,False,False,True,False
Chicken Tikka,"Chicken, whole wheat bread, rice flour, garam masala powder, whole egg",120,45,165,False,False,False,True,False,False,False,False,False,False,False,False,False,False,False,False,False,False,False,False,True,False,False,False,False,False,False,False,False,False,True,False,False,False,False,False,False,True,False
Chole bhature,"Chole, bhatura, garam masala, bay leaf, cinnamon stick",20,30,50,True,True,False,False,False,False,False,False,False,False,False,False,False,False,False,False,False,False,False,False,True,False,False,False,False,False,False,False,False,False,True,False,False,False,False,False,False,True,False
Daal baati churma,"Moong dal, masoor dal, chana dal, wheat flour, almond",10,90,100,True,True,False,False,False,False,False,False,False,False,False,False,False,False,False,False,False,False,False,False,False,True,False,False,False,False,False,False,False,False,False,False,False,False,True,False,False,True,False
Daal puri,"Moong dal, garam masala powder, garlic, green chilli, all purpose flour",30,30,60,True,True,False,False,False,False,False,False,False,False,False,False,False,False,False,False,False,False,False,False,False,False,False,False,False,False,False,True,False,True,False,False,False,False,False,False,False,True,False
Dal makhani ,"Red kidney beans, urad dal, cream, garam masala, chili powder",10,60,70,True,True,False,False,False,False,False,False,False,False,False,False,False,False,False,False,False,False,False,False,True,False,False,False,False,False,False,False,False,False,True,False,False,False,False,False,False,False,True
Dal tadka,"Pigeon peas, garam masala, ginger, red onion, kasuri methi",10,30,40,True,True,False,False,False,False,False,False,False,False,False,False,False,False,False,False,False,False,False,False,True,False,False,False,False,False,False,False,False,False,True,False,False,False,False,False,False,True,False
Dum aloo,"Baby potatoes, garam masala, cashew nuts, kasuri methi, tomatoes",20,50,70,True,True,False,False,False,False,False,False,False,False,False,True,False,False,False,False,False,False,False,False,False,False,False,False,False,False,False,False,False,False,True,False,False,False,False,False,False,True,False
Poha,"Beaten rice flakes, potato, curry leaves, green chilies, lemon juice",20,30,50,True,False,True,False,False,False,False,False,False,False,False,False,False,False,False,True,False,False,False,False,False,False,False,False,False,False,False,False,False,False,False,False,False,False,True,False,False,True,False
Fara,"Chana dal, whole wheat flour, arhar dal, white urad dal, garam masala powder",10,60,70,True,False,True,False,False,False,False,True,False,False,False,False,False,False,False,False,False,False,False,False,False,False,False,False,False,False,False,False,True,False,False,False,False,False,False,False,False,True,False
Kachori,"Moong dal, rava, garam masala, dough, fennel seeds",30,60,90,True,False,True,False,False,False,False,False,False,False,False,False,False,False,False,False,False,False,False,False,False,False,False,False,False,True,False,False,False,False,True,False,False,False,False,False,False,True,False
Kadai paneer,"Cottage cheese, bell peppers, gravy, garam masala, cashew nuts",20,30,50,True,True,False,False,False,False,False,False,False,False,False,False,False,False,False,False,False,False,False,False,True,False,False,False,False,False,False,False,False,False,True,False,False,False,False,False,False,True,False
Kadhi pakoda,"Besan, garam masala powder, gram flour, ginger, curry leaves",10,60,70,True,True,False,False,False,False,False,False,False,False,True,False,False,False,False,False,False,False,False,False,False,False,False,False,False,False,False,False,False,False,True,False,False,False,False,False,False,True,False
Karela bharta,"Bitter gourd, fennel, garam masala powder, chili powder, amchur powder",20,50,70,True,True,False,False,False,False,False,False,False,False,False,False,False,False,False,False,False,False,False,False,True,False,False,False,False,False,False,False,False,False,True,False,False,False,False,True,False,False,False
Khichdi,"Moong dal, green peas, ginger, tomato, green chili",40,20,60,True,True,False,False,False,False,False,False,False,False,False,False,False,False,False,False,False,False,False,False,False,False,False,False,False,False,False,False,False,False,False,False,False,False,False,False,False,True,False
Kofta,"Paneer, potato, cream, corn flour, garam masala",20,40,60,True,True,False,False,False,False,False,False,False,False,False,False,False,False,False,False,False,False,False,False,False,False,False,False,False,True,False,False,False,False,True,False,False,False,False,False,False,True,False
Kulfi falooda,"Rose syrup, falooda sev, mixed nuts, saffron, sugar",45,25,70,True,False,False,False,False,False,False,False,False,False,False,False,False,False,False,False,False,False,False,False,False,False,False,False,False,False,False,False,False,False,False,False,False,False,False,False,False,False,True
Lauki ke kofte,"Bottle gourd, garam masala powder, gram flour, ginger, chillies",20,40,60,True,True,False,False,False,False,False,False,False,False,False,False,False,False,False,False,False,False,False,False,False,False,False,False,False,True,False,False,False,False,True,False,False,False,False,False,False,True,False
Lauki ki subji,"Bottle gourd, coconut oil, garam masala, ginger, green chillies",10,20,30,True,True,False,False,False,False,False,False,False,False,False,False,False,False,False,False,False,False,False,False,False,False,False,False,False,False,False,False,False,False,False,False,False,False,False,False,False,True,False
Litti chokha,"Wheat flour, roasted gram flour, tomato, nigella seeds, chilli",45,60,105,True,True,False,False,False,False,True,False,False,False,False,False,False,False,False,False,False,False,False,False,False,False,False,False,False,False,False,False,False,False,True,False,False,False,False,False,False,True,False
Makki di roti sarson da saag,"Palak, makki atta, mustard green, garam masala, ginger",25,30,55,True,True,False,False,False,False,False,False,False,False,False,False,False,False,False,False,False,False,False,False,True,False,False,False,False,False,False,False,False,False,True,False,False,False,False,False,False,True,False
Misi roti,"Whole wheat flour, chickpea flour, green chilies",30,30,60,True,True,False,False,False,False,False,False,False,False,False,False,False,False,False,False,False,False,False,False,True,False,False,False,False,False,False,False,False,False,True,False,False,False,False,False,False,True,False
Mushroom do pyaza,"Mushroom, malai, garam masala, ginger, capsicum",10,30,40,True,True,False,False,False,False,False,False,False,False,False,False,False,False,False,False,False,False,False,False,True,False,False,False,False,False,False,False,False,False,True,False,False,False,False,False,False,True,False
Mushroom matar,"Canned coconut milk, frozen green peas, wild mushrooms, garam masala, tomatoes",10,30,40,True,True,False,False,False,False,False,False,False,False,False,False,False,False,False,False,False,False,False,False,True,False,False,False,False,False,False,False,False,False,True,False,False,False,False,False,False,True,False
Naan,"Whole wheat flour, honey, butter, garlic",60,30,90,True,True,False,False,False,False,False,False,False,False,False,False,False,False,False,False,False,False,False,False,True,False,False,False,False,False,False,False,False,False,True,False,False,False,False,False,False,False,False
Navrattan korma,"Green beans, potatoes, khus khus, low fat, garam masala powder",25,40,65,True,True,False,False,False,False,False,False,False,False,False,False,False,False,False,False,False,False,False,False,False,False,False,False,False,True,False,False,False,False,True,False,False,False,False,False,False,True,False
Palak paneer,"Cottage cheese, palak, cream, garam masala, butter",20,40,60,True,True,False,False,False,False,False,False,False,False,False,False,False,False,False,False,False,False,False,False,True,False,False,False,False,False,False,False,False,False,True,False,False,False,False,False,False,True,False
Paneer butter masala,"Paneer, whipping cream, garam masala, cashew nuts, butter",20,40,60,True,True,False,False,False,False,False,False,False,False,False,False,False,False,False,False,False,False,False,False,True,False,False,False,False,False,False,False,False,False,True,False,False,False,False,False,False,True,False
Paneer tikka masala,"Paneer, greek yogurt, tandoori masala, cream, bell pepper",20,40,60,True,True,False,False,False,False,False,False,False,False,False,False,False,False,False,False,False,False,False,False,True,False,False,False,False,False,False,False,False,False,True,False,False,False,False,False,False,True,False
Pani puri,"Kala chana, mashed potato, boondi, sev, lemon",15,2,17,True,False,True,False,False,False,False,False,False,False,False,False,False,False,False,False,False,False,False,False,False,False,False,False,False,False,False,False,False,False,False,False,False,False,False,False,False,True,False
Panjeeri,"Whole wheat flour, musk melon seeds, poppy seeds, edible gum, semolina",10,25,35,True,False,False,False,False,False,False,False,False,False,False,False,False,False,False,False,False,False,False,False,False,False,False,False,False,True,False,False,False,False,False,False,False,True,False,False,False,False,True
Papad,"Urad dal, sev, lemon juice, chopped tomatoes",5,5,10,True,False,True,False,False,False,False,False,False,False,False,False,False,False,False,False,False,False,False,False,False,False,False,False,False,False,False,False,False,False,False,False,False,False,False,False,False,True,False
Paratha,"Wheat flour, butter, potato, coriander",15,45,60,True,True,False,False,False,False,False,False,False,False,False,False,False,False,False,False,False,False,False,False,True,False,False,False,False,False,False,False,False,False,True,False,False,False,False,False,False,True,False
Pattor,"Arbi ke patte, sesame seeds, gur, bengal gram flour, imli",10,30,40,True,True,False,False,False,False,False,False,False,False,False,False,False,False,False,False,False,False,False,False,False,True,False,False,False,False,False,False,False,False,False,False,False,False,True,False,False,True,False
Pindi chana,"Fennel, tea bags, tomato, kasuri methi, cinnamon",500,120,620,True,True,False,False,False,False,False,False,False,False,False,False,False,False,False,False,False,False,False,False,True,False,False,False,False,False,False,False,False,False,True,False,False,False,False,False,False,True,False
Rajma chaval,"Red kidney beans, garam masala powder, ginger, tomato, mustard oil",15,90,105,True,True,False,False,False,False,False,False,False,False,False,False,False,False,False,False,False,False,False,False,False,False,False,False,False,False,False,False,False,False,True,False,False,False,False,False,False,True,False
Rongi,"Garam masala powder, tomato, kasuri methi, cinnamon, mustard oil",10,30,40,True,True,False,False,False,False,False,False,False,False,False,False,False,False,False,False,False,False,False,False,True,False,False,False,False,False,False,False,False,False,True,False,False,False,False,False,False,False,False
Samosa,"Potatoes, green peas, garam masala, ginger, dough",30,30,60,True,False,True,False,False,False,False,False,False,False,False,False,False,False,False,False,False,False,False,False,False,False,False,False,False,False,False,False,False,False,False,False,False,False,False,False,False,True,False
Sattu ki roti,"Sattu, atta, dough, filling, mustard oil",10,20,30,True,True,False,False,False,False,True,False,False,False,False,False,False,False,False,False,False,False,False,False,False,False,False,False,False,False,False,False,False,False,True,False,False,False,False,False,False,True,False
Shahi paneer,"Cottage cheese, malai, garam masala, ginger, tomato",20,40,60,True,True,False,False,False,False,False,False,False,False,False,False,False,False,False,False,False,False,False,False,True,False,False,False,False,False,False,False,False,False,True,False,False,False,False,False,False,True,False
Shahi tukra,"Rose water, milk, white bread slices, saffron, almonds",10,30,40,True,False,False,False,False,False,False,False,False,False,False,False,False,False,False,False,False,False,False,False,False,False,False,True,False,False,False,False,False,False,False,False,True,False,False,False,False,False,True
Vegetable jalfrezi,"Baby corn, french beans, garam masala, ginger, carrot",10,30,40,True,True,False,False,False,False,False,False,False,False,False,False,False,False,False,False,False,False,False,False,True,False,False,False,False,False,False,False,False,False,True,False,False,False,False,False,False,True,False
Tandoori Chicken,"Greek yogurt, garam masala, kasuri methi, marinade, mustard oil",240,30,270,False,True,False,False,False,False,False,False,False,False,False,False,False,False,False,False,False,False,False,False,True,False,False,False,False,False,False,False,False,False,True,False,False,False,False,False,False,True,False
Tandoori Fish Tikka,"Chickpea flour, biryani masala powder, yogurt, fish fillets, green bell pepper",240,30,270,False,False,False,True,False,False,False,False,False,False,False,False,False,False,False,False,False,False,False,False,True,False,False,False,False,False,False,False,False,False,True,False,False,False,False,False,False,True,False
Attu,"Whole wheat flour, arhar dal, ginger, kala jeera, green chilli",150,25,175,True,False,True,False,True,False,False,False,False,False,False,False,False,False,False,False,False,False,False,False,False,False,False,False,False,False,False,False,False,False,False,False,True,False,False,False,False,True,False
Avial,"Raw banana, elephant foot yam, long beans, tindora, urad dal",30,45,75,True,True,False,False,False,False,False,False,False,False,False,False,False,True,False,False,False,False,False,False,False,False,False,False,False,False,False,False,False,False,False,False,True,False,False,False,False,True,False
Bisi bele bath,"Split pigeon peas, chana dal, urad dal, green peas, french beans",30,45,75,True,True,False,False,False,False,False,False,False,False,False,False,True,False,False,False,False,False,False,False,False,False,False,False,False,False,False,False,False,False,False,False,True,False,False,False,False,True,False
Currivepillai sadam ,"Chana dal, urad dal, fresh coconut, sesame seeds, curry leaves",10,20,30,True,True,False,False,False,False,False,False,False,False,False,False,False,False,False,False,False,False,False,False,False,False,True,False,False,False,False,False,False,False,False,False,True,False,False,False,False,True,False
Dosa,"Chana dal, urad dal, whole urad dal, blend rice, rock salt",360,90,450,True,False,True,False,False,False,False,False,False,False,False,False,False,False,False,False,False,False,False,False,False,False,False,False,False,False,False,False,False,False,False,False,True,False,False,False,False,True,False
Idiappam,"Rice flour, hot water, grated coconut",120,30,150,True,False,True,False,False,False,False,False,False,False,False,False,False,False,False,False,False,False,False,False,False,False,True,False,False,False,False,False,False,False,False,False,True,False,False,False,False,True,False
Idli,"Split urad dal, urad dal, idli rice, thick poha, rock salt",360,90,450,True,False,True,False,False,False,False,False,False,False,False,False,False,False,False,False,False,False,False,False,False,False,False,False,False,False,False,False,False,False,False,False,True,False,False,False,False,True,False
Kanji,"Carrot, yellow mustard, red chilli, black salt",10,45,55,True,False,True,False,False,False,False,False,False,False,False,False,False,True,False,False,False,False,False,False,False,False,False,False,False,False,False,False,False,False,False,False,True,False,False,False,False,False,False
Kaara kozhambu,"Sesame oil, drumstick, tamarind paste, sambar powder, tomato",-1,-1,-2,True,True,False,False,False,False,False,False,False,False,False,False,False,False,False,False,False,False,False,False,False,False,True,False,False,False,False,False,False,False,False,False,True,False,False,False,False,True,False
Keerai kootu,"Moong dal, chana dal, spinach, urad dal, coconut oil",20,30,50,True,True,False,False,False,False,False,False,False,False,False,False,False,False,False,False,False,False,False,False,False,False,True,False,False,False,False,False,False,False,False,False,True,False,False,False,False,True,False
Keerai masiyal,"Urad dal, curry leaves, sugar, mustard seeds, spinach",-1,-1,-2,True,True,False,False,False,False,False,False,False,False,False,False,False,False,False,False,False,False,False,False,False,False,True,False,False,False,False,False,False,False,False,False,True,False,False,False,False,True,False
Keerai sadam,"Greens, tomato, mustard seeds, fenugreek seeds",10,20,30,True,True,False,False,False,False,False,False,False,False,False,False,False,False,False,False,False,False,False,False,False,False,True,False,False,False,False,False,False,False,False,False,True,False,False,False,False,True,False
Keerai poriyal,"Amaranth leaves, split urad dal, mustard seeds, grated coconut, red chili",20,30,50,True,True,False,False,False,False,False,False,False,False,False,False,False,False,False,False,False,False,False,False,False,False,True,False,False,False,False,False,False,False,False,False,True,False,False,False,False,True,False
Beef Fry,"Beef, coconut, garam masala, curry leaves, green chilies, chili powder",10,60,70,False,True,False,False,False,False,False,False,False,False,False,False,False,True,False,False,False,False,False,False,False,False,False,False,False,False,False,False,False,False,False,False,True,False,False,False,False,True,False
Kootu,"Chana dal, urad dal, potato, beans, peas",10,15,25,True,True,False,False,False,False,False,False,False,False,False,False,False,False,False,False,False,False,False,False,False,False,True,False,False,False,False,False,False,False,False,False,True,False,False,False,False,True,False
Kos kootu,"Moong dal, chana dal, cabbage, tamarind, curry leaves",10,20,30,True,True,False,False,False,False,False,False,False,False,False,False,False,False,False,False,False,False,False,False,False,False,True,False,False,False,False,False,False,False,False,False,True,False,False,False,False,True,False
Koshambri,"Moong dal, cucumber, curry leaves, green chili, lemon juice",10,20,30,True,True,False,False,False,False,False,False,False,False,False,False,True,False,False,False,False,False,False,False,False,False,False,False,False,False,False,False,False,False,False,False,True,False,False,False,False,True,False
Kothamali sadam,"Chana dal, urad dal, gooseberry, raw rice, curry leaves",10,20,30,True,True,False,False,False,False,False,False,False,False,False,False,False,False,False,False,False,False,False,False,False,False,True,False,False,False,False,False,False,False,False,False,True,False,False,False,False,True,False
Kuzhakkattai,"Sesame oil, raw rice, jaggery, grated coconut",10,90,100,True,True,False,False,False,False,False,False,False,False,False,False,False,False,False,False,False,False,False,False,False,False,True,False,False,False,False,False,False,False,False,False,True,False,False,False,False,True,False
Kuzhambu,"Pearl onions, urad dal, drumsticks, tomato, curry leaves",5,30,35,True,True,False,False,False,False,False,False,False,False,False,False,False,False,False,False,False,False,False,False,False,False,True,False,False,False,False,False,False,False,False,False,True,False,False,False,False,True,False
Masala Dosa,"Chana dal, urad dal, potatoes, idli rice, thick poha",360,90,450,True,False,True,False,False,False,False,False,False,False,False,False,False,False,False,False,False,False,False,False,False,False,False,False,False,False,False,False,False,False,False,False,True,False,False,False,False,True,False
Pachadi,"Coconut oil, cucumber, curd, curry leaves, mustard seeds",10,25,35,True,True,False,False,False,False,False,False,False,False,False,False,False,False,False,False,False,False,False,False,False,False,False,False,False,False,False,False,False,False,False,False,True,False,False,False,False,False,False
Paniyaram,"Yogurt, ginger, curry leaves, baking soda, green chilli",10,20,30,True,True,False,False,False,False,False,False,False,False,False,False,False,False,False,False,False,False,False,False,False,False,True,False,False,False,False,False,False,False,False,False,True,False,False,False,False,False,False
Papadum,"Lentils, black pepper, vegetable oil",5,5,10,True,False,True,False,False,False,False,False,False,False,False,False,False,True,False,False,False,False,False,False,False,False,False,False,False,False,False,False,False,False,False,False,True,False,False,False,False,True,False
Paravannam,"Raw rice,  jaggery, milk",-1,-1,-2,True,True,False,False,False,False,False,False,False,False,False,False,False,True,False,False,False,False,False,False,False,False,False,False,False,False,False,False,False,False,False,False,True,False,False,False,False,True,False
Payasam,"Rice, cashew nuts, milk, raisins, sugar",15,30,45,True,False,False,False,False,False,False,False,False,False,False,False,False,False,False,False,False,False,False,False,False,False,False,False,False,False,False,False,False,False,False,False,True,False,False,False,False,False,True
Paruppu sadam,"Arhar dal, sambar powder, tomato, curry leaves, fennel seeds",10,20,30,True,True,False,False,False,False,False,False,False,False,False,False,False,False,False,False,False,False,False,False,False,False,True,False,False,False,False,False,False,False,False,False,True,False,False,False,False,False,False
Pesarattu,"Green moong beans, rice flour",120,20,140,True,False,True,False,True,False,False,False,False,False,False,False,False,False,False,False,False,False,False,False,False,False,False,False,False,False,False,False,False,False,False,False,True,False,False,False,False,True,False
Poriyal,"Chana dal, urad dal, beans, coconut, mustard",-1,-1,-2,True,True,False,False,False,False,False,False,False,False,False,False,False,False,False,False,False,False,False,False,False,False,True,False,False,False,False,False,False,False,False,False,True,False,False,False,False,True,False
Puli sadam,"Urad dal, lemon, tamarind, cooked rice, curry leaves",10,20,30,True,True,False,False,False,False,False,False,False,False,False,False,False,False,False,False,False,False,False,False,False,False,True,False,False,False,False,False,False,False,False,False,True,False,False,False,False,False,False
Rasam,"Tomato, curry leaves, garlic, mustard seeds, hot water",10,35,45,True,True,False,False,False,False,False,False,False,False,False,False,False,False,False,False,False,False,False,False,False,False,False,False,False,False,False,False,False,False,False,False,True,False,False,False,False,True,False
Puttu,"Brown rice flour, sugar, grated coconut",495,40,535,True,True,False,False,False,False,False,False,False,False,False,False,False,True,False,False,False,False,False,False,False,False,False,False,False,False,False,False,False,False,False,False,True,False,False,False,False,False,False
Sambar,"Pigeon peas, eggplant, drumsticks, sambar powder, tamarind",20,45,65,True,True,False,False,False,False,False,False,False,False,False,False,False,False,False,False,False,False,False,False,False,False,False,False,False,False,False,False,False,False,False,False,True,False,False,False,False,True,False
Sandige,"Thin rice flakes, black sesame seeds, curry leaves",120,60,180,True,True,False,False,False,False,False,False,False,False,False,False,True,False,False,False,False,False,False,False,False,False,False,False,False,False,False,False,False,False,False,False,True,False,False,False,False,False,False
Sevai,"Sevai, parboiled rice, steamer",120,30,150,True,True,False,False,False,False,False,False,False,False,False,False,False,False,False,False,False,False,False,False,False,False,False,False,False,False,False,False,False,False,False,False,True,False,False,False,False,False,False
Thayir sadam,"Urad dal, curd, sesame oil, ginger, curry leaves, mustard seeds",10,20,30,True,True,False,False,False,False,False,False,False,False,False,False,False,False,False,False,False,False,False,False,False,False,True,False,False,False,False,False,False,False,False,False,True,False,False,False,False,False,False
Theeyal,"Coconut, whole red beans, masala, sesame oil, tamarind",15,20,35,True,True,False,False,False,False,False,False,False,False,False,False,False,True,False,False,False,False,False,False,False,False,False,False,False,False,False,False,False,False,False,False,True,False,False,False,False,False,False
Uttapam,"Chana dal, urad dal, thick poha, tomato, butter",10,20,30,True,False,True,False,False,False,False,False,False,False,False,False,False,False,False,False,False,False,False,False,False,False,False,False,False,False,False,False,False,False,False,False,True,False,False,False,False,True,False
Vada,"Urad dal, ginger, curry leaves, green chilies, black pepper",15,20,35,True,False,True,False,False,False,False,False,False,False,False,False,False,False,False,False,False,False,False,False,False,False,False,False,False,False,False,False,False,False,False,False,True,False,False,False,False,True,False
Chicken Varuval,"Meat curry powder, chicken chunks, ginger, tomato, cinnamon",10,35,45,False,True,False,False,False,False,False,False,False,False,False,False,False,False,False,False,False,False,False,False,False,False,True,False,False,False,False,False,False,False,False,False,True,False,False,False,False,True,False
Upma,"Chana dal, urad dal, ginger, curry leaves, sugar",10,20,30,True,False,True,False,False,False,False,False,False,False,False,False,False,False,False,False,False,False,False,False,False,False,False,False,False,False,False,False,False,False,False,False,False,False,False,False,False,True,False
Amti,"Kala masala, arhar dal, curry leaves, mustard seeds, hot water",10,45,55,True,True,False,False,False,False,False,False,False,False,False,False,False,False,False,True,False,False,False,False,False,False,False,False,False,False,False,False,False,False,False,False,False,False,True,False,False,True,False
Zunka,"Gram flour, mustard, garlic, turmeric, red chilli",10,25,35,True,True,False,False,False,False,False,False,False,False,False,False,False,False,False,True,False,False,False,False,False,False,False,False,False,False,False,False,False,False,False,False,False,False,True,False,False,True,False
Kolim Jawla,"Baingan, fish, coconut oil, fresh coconut, ginger",-1,-1,-2,False,True,False,False,False,False,False,False,False,False,False,False,False,False,False,True,False,False,False,False,False,False,False,False,False,False,False,False,False,False,False,False,False,False,True,False,False,True,False
Saath,"Urad dal, potatoes, wheat flour, sooji",20,40,60,True,True,False,False,False,False,False,False,False,True,False,False,False,False,False,False,False,False,False,False,False,False,False,False,False,False,False,False,False,False,False,False,False,False,True,False,False,True,False
Bajri no rotlo,"Wheat flour, pearl millet flour, hot water",10,10,20,True,True,False,False,False,False,False,False,False,True,False,False,False,False,False,False,False,False,False,False,False,False,False,False,False,False,False,False,False,False,False,False,False,False,True,False,False,True,False
Coconut vadi,"Condensed milk, mawa, desiccated coconut, almonds, cashews",20,30,50,True,False,False,False,False,False,False,False,False,False,False,False,False,False,False,True,False,False,False,False,False,False,False,False,False,False,False,False,False,False,False,False,False,False,True,False,False,False,True
Bhakri,"Jowar flour, sesame seeds",20,25,45,True,True,False,False,False,False,False,False,False,False,False,False,False,False,False,True,False,False,False,False,False,False,False,False,False,False,False,False,False,False,False,False,False,False,True,False,False,False,False
Bombil fry,"Bombay duck, malvani masala, rice flour, bombay rava, green chilies",-1,-1,-2,False,True,False,False,False,False,False,False,False,False,False,False,False,False,False,True,False,False,False,False,False,False,False,False,False,False,False,False,False,False,False,False,False,False,True,False,False,True,False
Chakali,"Rice flour, sesame, plain flour, turmeric, red chilli",10,40,50,True,False,True,False,False,False,False,False,False,False,False,False,False,False,False,True,False,False,False,False,False,False,False,False,False,False,False,False,False,False,False,False,False,False,True,False,False,True,False
Chevdo,"Citric acid, fry, raisins, sugar, chana daal",20,30,50,True,False,True,False,False,False,False,False,False,True,False,False,False,False,False,False,False,False,False,False,False,False,False,False,False,False,False,False,False,False,False,False,False,False,True,False,False,True,False
Chorafali,"Urad dal, bengal gram flour, dried mango, baking soda, black salt",5,15,20,True,False,True,False,False,False,False,False,False,True,False,False,False,False,False,False,False,False,False,False,False,False,False,False,False,False,False,False,False,False,False,False,False,False,True,False,False,True,False
Copra paak,"Condensed milk, nestle cream, coconut ice, red food coloring, desiccated coconut",20,30,50,True,True,False,False,False,False,False,False,False,True,False,False,False,False,False,False,False,False,False,False,False,False,False,False,False,False,False,False,False,False,False,False,False,False,True,False,False,False,False
Daal Dhokli,"Whole wheat flour, dal, kokum, gur, bengal gram flour",20,30,50,True,True,False,False,False,False,False,False,False,True,False,False,False,False,False,False,False,False,False,False,False,False,False,False,False,False,False,False,False,False,False,False,False,False,True,False,False,True,False
Kutchi dabeli,"Pav, aloo, peanut, pomegranate, star anise",30,10,40,True,False,True,False,False,False,False,False,False,True,False,False,False,False,False,False,False,False,False,False,False,False,False,False,False,False,False,False,False,False,False,False,False,False,True,False,False,True,False
Dahi vada,"Urad dal, bhuna chana, garam masala, dates, tamarind",30,30,60,True,False,True,False,False,False,False,False,False,False,False,False,False,False,False,True,False,False,False,False,False,False,False,False,False,False,False,False,False,False,False,False,False,False,True,False,False,False,False
Dalithoy,"Arhar dal, coconut oil, curry leaves, mustard seeds, red chilli",5,20,25,True,True,False,False,False,False,False,False,False,False,False,False,False,False,False,True,False,False,False,False,False,False,False,False,False,False,False,False,False,False,False,False,False,False,True,False,False,False,False
Dhokla,"Rava, coconut, gram flour, mustard, sesame",10,20,30,True,False,True,False,False,False,False,False,False,True,False,False,False,False,False,False,False,False,False,False,False,False,False,False,False,False,False,False,False,False,False,False,False,False,True,False,False,True,False
Dudhi halwa,"Bottle gourd, green, raisins, sugar, clarified butter",15,30,45,True,False,False,False,False,False,False,False,False,True,False,False,False,False,False,False,False,False,False,False,False,False,False,False,False,False,False,False,False,False,False,False,False,False,True,False,False,False,True
Gatta curry,"Yogurt, besan, sauce, garam masala powder, gram flour",10,20,30,True,True,False,False,False,False,False,False,False,False,False,False,False,False,False,False,False,False,False,False,False,True,False,False,False,False,False,False,False,False,False,False,False,False,True,False,False,True,False
Gud papdi,"Wheat flour, jaggery, clarified butter, sliced almonds",10,20,30,True,False,False,False,False,False,False,False,False,True,False,False,False,False,False,False,False,False,False,False,False,False,False,False,False,False,False,False,False,False,False,False,False,False,True,False,False,False,True
Ghooghra,"Dry fruits, semolina, all purpose flour",-1,-1,-2,True,False,True,False,False,False,False,False,False,True,False,False,False,False,False,False,False,False,False,False,False,False,False,False,False,False,False,False,False,False,False,False,False,False,True,False,False,True,False
Handwo,"Bottle gourd, chana dal, cabbage, urad dal, toor dal",20,30,50,True,False,True,False,False,False,False,False,False,True,False,False,False,False,False,False,False,False,False,False,False,False,False,False,False,False,False,False,False,False,False,False,False,False,True,False,False,True,False
Halvasan,"Whole wheat rava, chia seed, lemon, edible gum, litre milk",-1,-1,-2,True,False,False,False,False,False,False,False,False,True,False,False,False,False,False,False,False,False,False,False,False,False,False,False,False,False,False,False,False,False,False,False,False,False,True,False,False,False,True
Jeera Aloo,"Green chilies, lemon juice, chili powder, boiled potatoes",10,30,40,True,True,False,False,False,False,False,False,False,True,False,False,False,False,False,False,False,False,False,False,False,False,False,False,False,False,False,False,False,False,False,False,False,False,True,False,False,True,False
Kansar,"Wheat flour, cashews, rapeseed oil",10,40,50,True,True,False,False,False,False,False,False,False,True,False,False,False,False,False,False,False,False,False,False,False,False,False,False,False,False,False,False,False,False,False,False,False,False,True,False,False,False,False
Keri no ras,"Mango, sugar",10,10,20,True,True,False,False,False,False,False,False,False,True,False,False,False,False,False,False,False,False,False,False,False,False,False,False,False,False,False,False,False,False,False,False,False,False,True,False,True,False,False
Khakhra,"Whole wheat flour, low fat, bengal gram flour",20,40,60,True,False,True,False,False,False,False,False,False,True,False,False,False,False,False,False,False,False,False,False,False,False,False,False,False,False,False,False,False,False,False,False,False,False,True,False,False,True,False
Khandvi,"Green chili paste, white sesame seeds, gram flour, curry leaves, green chili",20,45,65,True,False,True,False,False,False,False,False,False,True,False,False,False,False,False,False,False,False,False,False,False,False,False,False,False,False,False,False,False,False,False,False,False,False,True,False,False,True,False
Kombdi vade,"Rice flour, urad dal, wheat flour, gram flour, turmeric",10,25,35,True,False,True,False,False,False,False,False,False,False,False,False,False,False,False,True,False,False,False,False,False,False,False,False,False,False,False,False,False,False,False,False,False,False,True,False,False,True,False
Laapsi,"Cinnamon, jaggery, clarified butter, dry roasted",10,40,50,True,True,False,False,False,False,False,False,False,False,False,False,False,False,True,False,False,False,False,False,False,False,False,False,False,False,False,False,True,False,False,False,False,False,False,False,False,True,False
Koshimbir,"Cucumber, carrot, tomatoes, cilantro",10,10,20,True,True,False,False,False,False,False,False,False,False,False,False,False,False,False,True,False,False,False,False,False,False,False,False,False,False,False,False,False,False,False,False,False,False,True,False,False,True,False
Methi na Gota,"Rava, gram flour, lemon juice, turmeric, fenugreek leaves",15,30,45,True,True,False,False,False,False,False,False,False,True,False,False,False,False,False,False,False,False,False,False,False,False,False,False,False,False,False,False,False,False,False,False,False,False,True,True,False,False,False
Mohanthal,"Rose water, pistachio, badam, bengal gram flour, saffron",5,45,50,True,False,False,False,False,False,False,False,False,True,False,False,False,False,False,False,False,False,False,False,False,False,False,False,False,False,False,False,False,False,False,False,False,False,True,False,False,False,True
Muthiya,"Bottle gourd, whole wheat flour, rava, sesame seeds, bengal gram flour",15,30,45,True,False,True,False,False,False,False,False,False,True,False,False,False,False,False,False,False,False,False,False,False,False,False,False,False,False,False,False,False,False,False,False,False,False,True,True,False,False,False
Patra,"Arbi ke patte, sesame seeds, gur, bengal gram flour, imli",10,40,50,True,False,True,False,False,False,False,False,False,True,False,False,False,False,False,False,False,False,False,False,False,False,False,False,False,False,False,False,False,False,False,False,False,False,True,False,False,True,False
Pav Bhaji,"Pav bhaji masala, gobi, potatoes, green peas, dinner rolls",20,40,60,True,True,False,False,False,False,False,False,False,False,False,False,False,False,False,True,False,False,False,False,False,False,False,False,False,False,False,False,False,False,False,False,False,False,True,False,False,True,False
Puri Bhaji,"Aloo, urad dal, mustard, ginger, curry leaves",10,30,40,True,True,False,False,False,False,False,False,False,False,False,False,False,False,False,True,False,False,False,False,False,False,False,False,False,False,False,False,False,False,False,False,False,False,True,False,False,True,False
Sabudana Khichadi,"Raw peanuts, sabudana, lemon, avocado oil, curry leaves, green chili",70,30,100,True,False,True,False,False,False,False,False,False,False,False,False,False,False,False,True,False,False,False,False,False,False,False,False,False,False,False,False,False,False,False,False,False,False,True,False,False,True,False
Sev khamani,"Khaman, pomegranate, sev, powdered sugar, garlic",20,30,50,True,True,False,False,False,False,False,False,False,True,False,False,False,False,False,False,False,False,False,False,False,False,False,False,False,False,False,False,False,False,False,False,False,False,True,False,False,True,False
Sev tameta,"Sev, ginger, tomato, sugar",20,30,50,True,True,False,False,False,False,False,False,False,True,False,False,False,False,False,False,False,False,False,False,False,False,False,False,False,False,False,False,False,False,False,False,False,False,True,False,False,True,False
Namakpara,"Wheat flour, baking soda, all purpose flour, black pepper, sunflower oil",10,35,45,True,False,True,False,False,False,False,False,False,True,False,False,False,False,False,False,False,False,False,False,False,False,False,False,False,False,False,False,False,False,False,False,False,False,True,False,False,True,False
Sukhdi,"Whole wheat flour, gur, clarified butter",10,20,30,True,False,False,False,False,False,False,False,False,False,False,False,False,False,False,True,False,False,False,False,False,False,False,False,False,False,False,False,False,False,False,False,False,False,True,False,False,False,True
Surnoli,"Rice flakes, yogurt, raw rice, jaggery, grated coconut",60,10,70,True,False,True,False,False,False,False,False,False,False,False,False,False,False,False,True,False,False,False,False,False,False,False,False,False,False,False,False,False,False,False,False,False,False,True,False,False,True,False
Thalipeeth,"Whole wheat flour, rice flour, pearl millet flour, sorghum flour, sesame seeds",25,30,55,True,True,False,False,False,False,False,False,False,False,False,False,False,False,False,True,False,False,False,False,False,False,False,False,False,False,False,False,False,False,False,False,False,False,True,False,False,True,False
Undhiyu,"Sweet potato, surti papdi, baby potatoes, valor papdi, green peas",25,60,85,True,True,False,False,False,False,False,False,False,True,False,False,False,False,False,False,False,False,False,False,False,False,False,False,False,False,False,False,False,False,False,False,False,False,True,False,False,True,False
Veg Kolhapuri,"Gobi, potato, beans, khus khus, coconut",20,30,50,True,True,False,False,False,False,False,False,False,False,False,False,False,False,False,True,False,False,False,False,False,False,False,False,False,False,False,False,False,False,False,False,False,False,True,False,False,True,False
Vindaloo,"Chicken, coconut oil, wine vinegar, ginger, green, cinnamon",10,40,50,False,True,False,False,False,False,False,False,True,False,False,False,False,False,False,False,False,False,False,False,False,False,False,False,False,False,False,False,False,False,False,False,False,False,True,False,False,True,False
Lilva Kachori,"Green garlic chutney, fresh green peas, ginger, lemon juice, plain flour",30,6,36,True,False,True,False,False,False,False,False,False,True,False,False,False,False,False,False,False,False,False,False,False,False,False,False,False,False,False,False,False,False,False,False,False,False,True,False,False,True,False
Mag Dhokli,"Moong beans, jaggery, red chillies, oil, salt",-1,-1,-2,True,False,True,False,False,False,False,False,False,True,False,False,False,False,False,False,False,False,False,False,False,False,False,False,False,False,False,False,False,False,False,False,False,False,True,False,False,True,False
Khichu,"Rice flour, sesame seeds, baking soda, peanut oil",5,10,15,True,False,True,False,False,False,False,False,False,True,False,False,False,False,False,False,False,False,False,False,False,False,False,False,False,False,False,False,False,False,False,False,False,False,True,False,False,True,False
Thepla,"Chickpea flour, methi leaves, jowar flour, wheat flour",15,30,45,True,False,True,False,False,False,False,False,False,True,False,False,False,False,False,False,False,False,False,False,False,False,False,False,False,False,False,False,False,False,False,False,False,False,True,False,False,True,False
Farsi Puri,"Semolina, clarified butter, oil, white flour, black pepper",-1,-1,-2,True,False,True,False,False,False,False,False,False,True,False,False,False,False,False,False,False,False,False,False,False,False,False,False,False,False,False,False,False,False,False,False,False,False,True,False,False,False,False
Khaman,"Yogurt, fresh coconut, sesame seeds, semolina, gram flour",10,20,30,True,False,True,False,False,False,False,False,False,True,False,False,False,False,False,False,False,False,False,False,False,False,False,False,False,False,False,False,False,False,False,False,False,False,True,False,False,True,False
Turiya Patra Vatana sabji,"Ridge gourd, baking soda, sugar, grated coconut, peas",35,40,75,True,True,False,False,False,False,False,False,False,True,False,False,False,False,False,False,False,False,False,False,False,False,False,False,False,False,False,False,False,False,False,False,False,False,True,False,False,True,False
Churma Ladoo,"Whole wheat flour, khus khus, sesame seeds, dry coconut, gur",12,40,52,True,False,False,False,False,False,False,False,False,False,False,False,False,False,False,False,False,False,False,False,False,True,False,False,False,False,False,False,False,False,False,False,False,False,True,False,False,False,True
Cheera Doi,"Rice, mango, curd",-1,-1,-2,True,False,False,False,False,False,False,False,False,False,False,False,False,False,False,False,False,False,False,False,False,False,False,False,False,False,False,True,False,True,False,False,False,False,False,False,False,False,True
Gheela Pitha,"Sticky rice, rice flour, jaggery, orange rind",10,30,40,True,False,False,False,False,True,False,False,False,False,False,False,False,False,False,False,False,False,False,False,False,False,False,False,False,False,False,False,False,False,False,True,False,False,False,False,False,False,True
Khar,"Raw papaya, panch phoran masala, nigella seeds, mustard oil, fennel seeds",10,20,30,True,True,False,False,False,True,False,False,False,False,False,False,False,False,False,False,False,False,False,False,False,False,False,False,False,False,False,False,False,False,False,True,False,False,False,False,False,False,False
Kumol Sawul,"Rice, eggs, carrot, beetroot",-1,-1,-2,False,True,False,False,False,True,False,False,False,False,False,False,False,False,False,False,False,False,False,False,False,False,False,False,False,False,False,False,False,False,False,True,False,False,False,False,False,True,False
Luchi,"Maida, vegetable oil",20,30,50,True,True,False,False,False,False,False,False,False,False,False,False,False,False,False,False,False,False,False,False,False,False,False,False,False,False,False,True,False,True,False,False,False,False,False,False,False,False,False
Alu Pitika,"Potatoes, mustard oil, fish, green chillies",5,20,25,False,True,False,False,False,True,False,False,False,False,False,False,False,False,False,False,False,False,False,False,False,False,False,False,False,False,False,False,False,False,False,True,False,False,False,False,False,True,False
Masor tenga,"Ridge gourd, fish, lemon, tomatoes, mustard oil",15,25,40,False,True,False,False,False,True,False,False,False,False,False,False,False,False,False,False,False,False,False,False,False,False,False,False,False,False,False,False,False,False,False,True,False,False,False,False,False,True,False
Bengena Pitika,"Brinjal, onions, salt, sesame seeds, coriander",-1,-1,-2,True,True,False,False,False,True,False,False,False,False,False,False,False,False,False,False,False,False,False,False,False,False,False,False,False,False,False,False,False,False,False,True,False,False,False,False,False,False,False
Bilahi Maas,"Potatoes, garam masala, tomatoes, mustard oil, bay leaf",10,20,30,False,True,False,False,False,True,False,False,False,False,False,False,False,False,False,False,False,False,False,False,False,False,False,False,False,False,False,False,False,False,False,True,False,False,False,False,False,False,False
Black rice,"Forbidden black rice, chicken, olive oil, slivered almonds, garlic powder",-1,-1,-2,False,True,False,False,False,False,False,False,False,False,False,False,False,False,False,False,True,False,False,False,False,False,False,False,False,False,False,False,False,False,False,True,False,False,False,False,False,False,False
Bora Sawul,"Biryani masala, mixed vegetables, yellow moong daal, whole red, mustard seeds",-1,-1,-2,True,True,False,False,False,True,False,False,False,False,False,False,False,False,False,False,False,False,False,False,False,False,False,False,False,False,False,False,False,False,False,True,False,False,False,False,False,True,False
Brown Rice,"Brown rice, soy sauce, olive oil",15,25,40,True,True,False,False,False,False,False,False,False,False,False,False,False,False,False,False,False,False,False,False,False,False,False,False,False,False,False,False,False,False,False,False,False,False,False,False,False,False,False
Chingri malai curry,"Coconut milk, lobster, fresh green chilli, ginger, red onion",10,40,50,False,True,False,False,False,False,False,False,False,False,False,False,False,False,False,False,False,False,False,False,False,False,False,False,False,False,False,True,False,True,False,False,False,False,False,False,False,True,False
Goja,"Baking soda, clarified butter, oil, all purpose flour",20,60,80,True,False,False,False,False,False,False,False,False,False,False,False,False,False,False,False,False,False,False,False,False,False,False,False,False,False,False,True,False,True,False,False,False,False,False,False,False,False,True
Hando Guri,"Jaggery, raisins",-1,-1,-2,True,False,False,False,False,True,False,False,False,False,False,False,False,False,False,False,False,False,False,False,False,False,False,False,False,False,False,False,False,False,False,True,False,False,False,False,False,False,True
Haq Maas,"Lamb, garam masala powder, curd, turmeric, bay leaf",20,40,60,False,True,False,False,False,True,False,False,False,False,False,False,False,False,False,False,False,False,False,False,False,False,False,False,False,False,False,False,False,False,False,True,False,False,False,False,False,True,False
Chingri Bhape,"Coconut, prawns, curd, mustard seed, green chili",15,30,45,False,True,False,False,False,False,False,False,False,False,False,False,False,False,False,False,False,False,False,False,False,False,False,False,False,False,False,True,False,True,False,False,False,False,False,False,False,False,False
Kabiraji,"Fish fillet, besan, lemon, mint, ginger",-1,-1,-2,False,True,False,False,False,False,False,False,False,False,False,False,False,False,False,False,False,False,False,False,False,False,False,False,False,False,False,True,False,True,False,False,False,False,False,False,False,True,False
Khorisa,"Fermented bamboo shoot, potato, ginger, green, mustard oil",-1,-1,-2,True,True,False,False,False,True,False,False,False,False,False,False,False,False,False,False,False,False,False,False,False,False,False,False,False,False,False,False,False,False,False,True,False,False,False,False,False,True,False
Koldil Chicken,"Banana flower, chicken, green chili, mustard oil, lemon juice",-1,-1,-2,False,True,False,False,False,True,False,False,False,False,False,False,False,False,False,False,False,False,False,False,False,False,False,False,False,False,False,False,False,False,False,True,False,False,False,False,False,True,False
Konir Dom,"Aloo, tomatoes, mustard oil, bay leaf, cinnamon stick",-1,-1,-2,False,True,False,False,False,True,False,False,False,False,False,False,False,False,False,False,False,False,False,False,False,False,False,False,False,False,False,False,False,False,False,True,False,False,False,False,False,True,False
Koldil Duck,"Rice flour, mutton, banana, gram flour, olive oil, baking powder",-1,-1,-2,False,True,False,False,False,True,False,False,False,False,False,False,False,False,False,False,False,False,False,False,False,False,False,False,False,False,False,False,False,False,False,True,False,False,False,False,False,True,False
Masor Koni,"Fish roe, pumpkin flowers, mustard oil, turmeric, tomato",-1,-1,-2,False,True,False,False,False,True,False,False,False,False,False,False,False,False,False,False,False,False,False,False,False,False,False,False,False,False,False,False,False,False,False,True,False,False,False,False,False,True,False
Mishti Chholar Dal,"Chana dal, fresh coconut, ginger, cinnamon, raisins",10,30,40,True,True,False,False,False,False,False,False,False,False,False,False,False,False,False,False,False,False,False,False,False,False,False,False,False,False,False,True,False,True,False,False,False,False,False,False,False,False,True
Pakhala,"Curd, cooked rice, curry leaves, dry chilli",-1,-1,-2,True,True,False,False,False,False,False,False,False,False,False,False,False,False,False,False,False,False,False,True,False,False,False,False,False,False,False,False,False,True,False,False,False,False,False,False,False,False,False
Pani Pitha,"Tea leaves, white sesame seeds, dry coconut, soaked rice",10,20,30,True,True,False,False,False,True,False,False,False,False,False,False,False,False,False,False,False,False,False,False,False,False,False,False,False,False,False,False,False,False,False,True,False,False,False,False,False,False,False
Payokh,"Basmati rice, rose water, sugar, clarified butter, cardamom pods",-1,-1,-2,True,False,False,False,False,True,False,False,False,False,False,False,False,False,False,False,False,False,False,False,False,False,False,False,False,False,False,False,False,False,False,True,False,False,False,False,False,False,True
Prawn malai curry,"Coconut milk, prawns, garlic, turmeric, sugar",15,50,65,False,True,False,False,False,False,False,False,False,False,False,False,False,False,False,False,False,False,False,False,False,False,False,False,False,False,False,True,False,True,False,False,False,False,False,False,False,True,False
Red Rice,"Red pepper, red onion, butter, watercress, olive oil",-1,-1,-2,True,True,False,False,False,False,False,False,False,False,False,False,False,False,False,False,False,False,False,False,False,False,False,False,False,False,False,False,False,False,False,False,False,False,False,False,False,False,False
Shukto,"Green beans, bitter gourd, ridge gourd, banana, brinjal",10,20,30,True,True,False,False,False,False,False,False,False,False,False,False,False,False,False,False,False,False,False,False,False,False,False,False,False,False,False,True,False,True,False,False,False,False,False,False,False,True,False
Til Pitha,"Glutinous rice, black sesame seeds, gur",5,30,35,True,False,False,False,False,True,False,False,False,False,False,False,False,False,False,False,False,False,False,False,False,False,False,False,False,False,False,False,False,False,False,True,False,False,False,False,False,False,True
Bebinca,"Coconut milk, egg yolks, clarified butter, all purpose flour",20,60,80,True,False,False,False,False,False,False,False,True,False,False,False,False,False,False,False,False,False,False,False,False,False,False,False,False,False,False,False,False,False,False,False,False,False,True,False,False,False,True
Shufta,"Cottage cheese, dry dates, dried rose petals, pistachio, badam",-1,-1,-2,True,False,False,False,False,False,False,False,False,False,False,True,False,False,False,False,False,False,False,False,False,False,False,False,False,False,False,False,False,False,True,False,False,False,False,False,False,False,True
Mawa Bati,"Milk powder, dry fruits, arrowroot powder, all purpose flour",20,45,65,True,False,False,False,False,False,False,False,False,False,False,False,False,False,True,False,False,False,False,False,False,False,False,False,False,False,False,False,True,False,False,False,False,False,False,False,False,False,True
Pinaca,"Brown rice, fennel seeds, grated coconut, black pepper, ginger powder",-1,-1,-2,True,False,False,False,False,False,False,False,True,False,False,False,False,False,False,False,False,False,False,False,False,False,False,False,False,False,False,False,False,False,False,False,False,False,True,False,False,False,True
